{
  "name": "rhythmvizion",
  "version": "1.0.0",
  "description": "rhythm vizion web app",
  "main": "index.js",
  "scripts": {
    "webpack-dev-server": "webpack-dev-server",
    "dev": "webpack-dev-server --mode=development",
    "build": "webpack",
    "test": "echo \"Error: no test specified\" && exit 1"
  },
  "repository": {
    "type": "git",
    "url": "git+https://github.com/twambit/rhythmvizion-web"
  },
  "author": "Lord Legion",
  "license": "ISC",
  "bugs": {
    "url": "https://github.com/twambit/rhythmvizion-web/issues"
  },
  "homepage": "https://github.com/twambit/rhythmvizion-web#readme",
  "dependencies": {
    "axios": "^1.2.2",
    "css-loader": "^6.8.1",
    "file-loader": "^6.2.0",
    "react": "^18.2.0",
    "react-dom": "^18.2.0",
    "react-router-dom": "^6.15.0",
    "react-scripts": "^5.0.1",
    "style-loader": "^3.3.3"
  },
  "devDependencies": {
    "@babel/core": "^7.22.11",
    "@babel/preset-env": "^7.22.14",
    "@babel/preset-react": "^7.22.5",
    "babel-loader": "^9.1.3",
    "html-webpack-plugin": "^5.5.3",
    "webpack": "^5.88.2",
    "webpack-cli": "^5.1.4",
    "webpack-dev-server": "^4.15.1"
  },
  "proxy": "http://localhost:3000"
}
